{
    "sharegpt": 0.44003915786743164,
    "orca": 0.3591969311237335,
    "code": 0.2627100348472595,
    "math": 0.33384189009666443
}