{
    "sharegpt": -100,
    "orca": 0.021869363263249397,
    "code": 0.02201109565794468,
    "math": 0.0237589031457901
}