{
    "sharegpt": 0.867968738079071,
    "orca": 0.8046875,
    "code": 0.37939453125,
    "math": 0.666015625
}