{
    "sharegpt": 0.8671875,
    "orca": 0.8050781488418579,
    "code": 0.3805175721645355,
    "math": 0.666308581829071
}