{
    "orca": 0.86719935,
    "math": 0.07860043,
    "sharegpt": 0.01761791,
    "code": 0.03658232
}