{
    "code": 0.24664808160991683,
    "math": 0.31725316532296555,
    "orca": 0.22705122940075093,
    "sharegpt": 0.20904752366636653
}