{
    "code": 0.28506630267298727,
    "math": 0.32022976576466383,
    "orca": 0.21494599194174854,
    "sharegpt": 0.17975793962060052
}