{
    "code": 0.9348214283597497,
    "math": 0.022520521145454858,
    "orca": 0.022927027065903334,
    "sharegpt": 0.0197310234288921
}