{
    "code": 1.0,
    "math": 0.00001,
    "orca": 0.00001,
    "sharegpt": 0.00001
}