{
    "code": 0.24472785,
    "math": 0.2532278,
    "orca": 0.2500919,
    "sharegpt": 0.25195244
}