{
    "code": 0.3333333333333333,
    "math": 0,
    "orca": 0.3333333333333333,
    "sharegpt": 0.3333333333333333
}