{
    "code": 0.27546789,
    "math": 0.5918678,
    "orca": 0.0,
    "sharegpt": 0.13266431
}